	clade	gene	site	alt
0	2.3.4.4	nuc	102	G
1	2.3.4.4	nuc	249	C
2	2.3.4.4	nuc	293	G
3	2.3.4.4	nuc	336	T
4	2.3.4.4	nuc	375	T
5	2.3.4.4	nuc	405	G
6	2.3.4.4	nuc	415	C
7	2.3.4.4	nuc	594	C
8	2.3.4.4	nuc	595	A
9	2.3.4.4	nuc	661	T
10	2.3.4.4	nuc	700	C
11	2.3.4.4	nuc	766	C
12	2.3.4.4	nuc	835	A
13	2.3.4.4	nuc	927	T
14	2.3.4.4	nuc	963	C
15	2.3.4.4	nuc	1158	C
16	2.3.4.4	nuc	1179	T
17	2.3.4.4	nuc	1221	A
18	2.3.4.4	nuc	1332	A
19	2.3.4.4	nuc	1362	T
20	2.3.4.4	nuc	1398	A
21	2.3.4.4	nuc	1440	T
22	2.3.4.4	nuc	1497	T
23	2.3.4.4	nuc	1548	A
24	2.3.4.4	nuc	1557	C
25	2.3.4.4	HA	98	R
26	2.3.4.4	HA	139	P
27	2.3.4.4	HA	199	N
28	2.3.4.4	HA	234	Q
29	2.3.4.4	HA	239	R
30	2.3.4.4	HA	256	H
31	2.3.4.4	HA	279	T
32	2.3.4.4a	clade	2.3.4.4	
33	2.3.4.4a	nuc	87	G
34	2.3.4.4a	nuc	615	C
35	2.3.4.4b	clade	2.3.4.4	
36	2.3.4.4b	nuc	329	G
37	2.3.4.4b	nuc	1641	G
38	2.3.4.4b	HA	110	S
39	2.3.4.4b	HA	547	M
40	2.3.4.4c	clade	2.3.4.4	
41	2.3.4.4c	nuc	498	C
42	2.3.4.4c	nuc	522	G
43	2.3.4.4c	nuc	631	G
44	2.3.4.4c	nuc	632	A
45	2.3.4.4c	nuc	636	T
46	2.3.4.4c	nuc	858	G
47	2.3.4.4c	nuc	912	C
48	2.3.4.4c	nuc	1092	C
49	2.3.4.4c	nuc	1197	A
50	2.3.4.4c	nuc	1330	T
51	2.3.4.4c	nuc	1473	C
52	2.3.4.4c	nuc	1488	C
53	2.3.4.4c	nuc	1671	T
54	2.3.4.4c	nuc	1701	C
55	2.3.4.4c	HA	211	D
56	2.3.4.4g	clade	2.3.4.4	
57	2.3.4.4g	nuc	78	T
58	2.3.4.4g	nuc	304	T
59	2.3.4.4g	nuc	597	C
60	2.3.4.4g	nuc	681	C
61	2.3.4.4g	nuc	840	C
62	2.3.4.4g	nuc	1209	G
63	2.3.4.4g	HA	102	S
64	2.3.4.4f	clade	2.3.4.4	
65	2.3.4.4f	nuc	358	T
66	2.3.4.4f	nuc	861	C
67	2.3.4.4h	clade	2.3.4.4	
68	2.3.4.4h	nuc	579	A
69	2.3.4.4h	nuc	672	G
71	2.3.4.4d	nuc	434	C
72	2.3.4.4d	nuc	1125	A
73	2.3.4.4d	HA	145	S
74	2.3.4.4e	clade	2.3.4.4-like	
75	2.3.4.4e	nuc	1242	G
76	2.3.4.4-like	nuc	678	G